38.0,457.0,432.0,-768.0,330.0,114.0,-705.0,-209.0,-88.0,1067.0,82.0,139.0,-6.0,-546.0,-184.0,-50.0,-184.0,311.0,-127.0,-1690.0,235.0,-2243.0,-336.0,-177.0,152.0,101.0,-19.0,114.0,127.0,260.0,-38.0,393.0,-95.0,-552.0,0.0,444.0,-362.0,88.0,-165.0,69.0,133.0,381.0,228.0,-38.0,-311.0,-158.0,25.0,1919.0,6.0,-216.0,578.0,139.0,12.0,-31.0,-768.0,654.0,-305.0,241.0,470.0,-38.0,-190.0,1791.0,-31.0,578.0,343.0,584.0,50.0,-184.0,0.0,343.0,-10751.0,-19.0,-203.0,-946.0,1150.0,101.0,158.0,120.0,-413.0,19.0,-203.0,-120.0,1023.0,69.0,6.0,-285.0,635.0,-374.0,260.0,-279.0,-165.0,-133.0,-25.0,69.0,12429.0,807.0,-368.0,82.0,940.0,883.0,31.0,368.0,-19.0,190.0,266.0,-222.0,-50.0,101.0,152.0,-330.0,-114.0,2579.0,44.0,6.0,285.0,1455.0,-476.0,1048.0,-25.0,743.0,152.0,14812.0,-6.0,222.0,514.0,-50.0,514.0,508.0,-6.0,-1181.0,88.0,76.0,101.0,1550.0,686.0,-31.0,177.0,101.0,6.0,800.0,305.0,-146.0,387.0,-25.0,69.0,1633.0,1054.0,438.0,279.0,-69.0,273.0,381.0,76.0,69.0,101.0,1321.0,-6.0,101.0,603.0,641.0,177.0,1169.0,101.0,1131.0,-108.0,432.0,-1734.0,171.0,1309.0,-139.0,235.0,108.0,775.0,305.0,787.0,-69.0,196.0,38.0,457.0,1201.0,-489.0,368.0,-1626.0,324.0,260.0,991.0,-12.0,603.0,44.0,857.0,57.0,2916.0,235.0,349.0,6.0,-222.0,279.0,-82.0,-50.0,69.0,108.0,108.0,902.0,1143.0,-69.0,2236.0,152.0,305.0,2745.0,2249.0
20.0,23.0,126.0,79.0,856.0,17.0,-36.0,-2.0,-33.0,330.0,-12.0,193.0,4.0,29.0,15.0,25.0,68.0,119.0,-22.0,27.0,130.0,103.0,-4.0,52.0,37.0,10.0,2.0,213.0,-4.0,72.0,16.0,131.0,-32.0,-6.0,86.0,74.0,52.0,69.0,41.0,98.0,-43.0,189.0,48.0,50.0,85.0,26.0,58.0,71.0,4.0,256.0,194.0,292.0,20.0,72.0,47.0,98.0,22.0,-8.0,98.0,102.0,72.0,173.0,32.0,313.0,25.0,171.0,-59.0,20.0,-96.0,255.0,73.0,167.0,-15.0,461.0,859.0,258.0,-30.0,124.0,149.0,111.0,59.0,19.0,200.0,69.0,17.0,-101.0,147.0,16.0,275.0,-78.0,13.0,98.0,-236.0,100.0,7074.0,295.0,-74.0,33.0,47.0,300.0,38.0,18.0,25.0,-46.0,115.0,71.0,96.0,85.0,37.0,-179.0,-72.0,67.0,-27.0,-26.0,34.0,458.0,24.0,266.0,38.0,88.0,67.0,2916.0,619.0,252.0,102.0,-45.0,125.0,68.0,-18.0,138.0,25.0,142.0,117.0,74.0,51.0,72.0,94.0,33.0,-97.0,237.0,1.0,-61.0,284.0,-19.0,145.0,430.0,476.0,172.0,-3.0,40.0,9.0,108.0,82.0,57.0,451.0,125.0,-18.0,91.0,32.0,108.0,90.0,187.0,82.0,345.0,25.0,193.0,-50.0,147.0,1160.0,-18.0,-41.0,362.0,273.0,61.0,128.0,-15.0,157.0,48.0,-11.0,595.0,154.0,67.0,450.0,232.0,46.0,579.0,45.0,218.0,-8.0,238.0,12.0,372.0,10.0,114.0,41.0,64.0,46.0,15.0,65.0,61.0,61.0,9.0,108.0,161.0,66.0,1944.0,-13.0,238.0,1198.0,944.0
87.0,356.0,825.0,205.0,636.0,53.0,-261.0,-149.0,-101.0,817.0,-93.0,13.0,13.0,242.0,34.0,-90.0,45.0,287.0,-138.0,210.0,175.0,279.0,23.0,50.0,42.0,189.0,-69.0,255.0,18.0,205.0,157.0,253.0,-199.0,-293.0,234.0,642.0,23.0,407.0,23.0,119.0,199.0,386.0,143.0,77.0,202.0,98.0,111.0,780.0,39.0,546.0,687.0,844.0,21.0,-39.0,372.0,687.0,133.0,143.0,159.0,79.0,47.0,700.0,-98.0,642.0,154.0,306.0,119.0,7.0,-101.0,508.0,61.0,53.0,-47.0,341.0,1212.0,223.0,58.0,71.0,-37.0,487.0,13.0,-69.0,639.0,159.0,90.0,-71.0,823.0,50.0,631.0,47.0,-42.0,159.0,-426.0,-26.0,9830.0,849.0,7.0,133.0,-492.0,301.0,-74.0,87.0,615.0,458.0,261.0,306.0,26.0,266.0,154.0,-231.0,-175.0,95.0,101.0,2.0,37.0,1854.0,-189.0,567.0,-66.0,338.0,47.0,18041.0,713.0,90.0,226.0,-69.0,428.0,90.0,95.0,301.0,71.0,135.0,-34.0,-327.0,370.0,74.0,498.0,-29.0,-85.0,205.0,263.0,-95.0,905.0,34.0,181.0,551.0,716.0,335.0,5.0,-37.0,-77.0,-10.0,151.0,210.0,261.0,916.0,0.0,229.0,157.0,234.0,119.0,199.0,106.0,892.0,117.0,388.0,-290.0,229.0,1838.0,-71.0,-66.0,500.0,554.0,333.0,338.0,26.0,-29.0,-26.0,167.0,980.0,173.0,74.0,873.0,197.0,346.0,873.0,261.0,221.0,31.0,548.0,-18.0,1398.0,170.0,77.0,103.0,39.0,199.0,29.0,-122.0,42.0,55.0,37.0,-31.0,628.0,106.0,4515.0,-127.0,298.0,2701.0,1896.0
338.0,102.0,2018.0,384.0,656.0,156.0,-94.0,34.0,-17.0,2782.0,-36.0,182.0,45.0,439.0,5.0,-3.0,12.0,432.0,80.0,277.0,464.0,45.0,51.0,49.0,110.0,123.0,-48.0,242.0,113.0,207.0,95.0,236.0,47.0,102.0,128.0,542.0,72.0,426.0,39.0,74.0,130.0,392.0,32.0,130.0,165.0,86.0,98.0,3375.0,32.0,527.0,300.0,712.0,55.0,104.0,799.0,485.0,10.0,131.0,125.0,79.0,161.0,977.0,-26.0,511.0,16.0,410.0,414.0,-28.0,-160.0,403.0,-89.0,187.0,-48.0,715.0,3453.0,1016.0,-74.0,150.0,86.0,227.0,78.0,89.0,790.0,126.0,117.0,4.0,3221.0,50.0,910.0,1.0,-3.0,185.0,-160.0,199.0,10664.0,370.0,-11.0,1273.0,127.0,753.0,112.0,157.0,112.0,239.0,336.0,736.0,117.0,495.0,102.0,457.0,24.0,941.0,8.0,33.0,165.0,539.0,6.0,472.0,27.0,250.0,119.0,10934.0,429.0,554.0,539.0,229.0,283.0,382.0,29.0,300.0,110.0,413.0,183.0,592.0,619.0,95.0,196.0,72.0,65.0,107.0,200.0,74.0,712.0,18.0,94.0,799.0,515.0,354.0,217.0,40.0,96.0,39.0,112.0,244.0,480.0,102.0,-2.0,452.0,1306.0,998.0,263.0,1343.0,58.0,613.0,3.0,423.0,64.0,515.0,3313.0,160.0,129.0,439.0,690.0,432.0,181.0,27.0,1060.0,53.0,74.0,1099.0,223.0,45.0,598.0,154.0,347.0,687.0,188.0,245.0,543.0,686.0,44.0,1321.0,216.0,312.0,127.0,115.0,53.0,36.0,86.0,145.0,97.0,276.0,120.0,752.0,203.0,5074.0,94.0,357.0,2357.0,4394.0
134.0,120.0,339.0,129.0,611.0,44.0,-65.0,-60.0,42.0,655.0,-43.0,202.0,37.0,181.0,-21.0,-56.0,-75.0,194.0,36.0,262.0,169.0,60.0,-27.0,114.0,75.0,134.0,-1.0,7.0,55.0,144.0,63.0,71.0,34.0,-213.0,260.0,361.0,-13.0,200.0,-13.0,160.0,-28.0,675.0,184.0,143.0,42.0,205.0,-43.0,200.0,40.0,466.0,432.0,498.0,-20.0,65.0,195.0,197.0,59.0,171.0,275.0,81.0,1.0,566.0,89.0,50.0,-24.0,168.0,66.0,27.0,92.0,474.0,395.0,84.0,95.0,397.0,330.0,311.0,62.0,97.0,-15.0,443.0,59.0,13.0,472.0,118.0,85.0,-59.0,724.0,89.0,474.0,73.0,20.0,187.0,-201.0,5.0,10002.0,195.0,24.0,92.0,37.0,173.0,-11.0,121.0,278.0,31.0,200.0,236.0,-37.0,149.0,30.0,-18.0,-75.0,282.0,65.0,-27.0,107.0,685.0,40.0,379.0,39.0,213.0,43.0,15063.0,839.0,287.0,408.0,-231.0,160.0,152.0,50.0,10.0,86.0,30.0,178.0,2066.0,269.0,5.0,124.0,-15.0,-73.0,233.0,92.0,89.0,588.0,15.0,62.0,603.0,329.0,24.0,21.0,-36.0,14.0,13.0,123.0,274.0,173.0,276.0,-14.0,205.0,395.0,469.0,165.0,568.0,76.0,566.0,-82.0,214.0,-343.0,508.0,13252.0,26.0,169.0,456.0,536.0,182.0,137.0,-20.0,178.0,40.0,69.0,698.0,214.0,101.0,608.0,11.0,43.0,590.0,133.0,102.0,184.0,439.0,44.0,1062.0,340.0,202.0,120.0,111.0,160.0,26.0,66.0,-37.0,36.0,255.0,-307.0,593.0,136.0,4387.0,195.0,153.0,2080.0,2875.0
129.0,164.0,733.0,418.0,456.0,46.0,-433.0,-199.0,-2.0,1773.0,-25.0,66.0,-2.0,762.0,-49.0,31.0,-17.0,161.0,-181.0,291.0,407.0,75.0,112.0,-37.0,144.0,98.0,-63.0,811.0,98.0,112.0,95.0,98.0,-5.0,-236.0,124.0,129.0,54.0,932.0,-170.0,77.0,86.0,990.0,210.0,109.0,112.0,95.0,-11.0,1412.0,69.0,525.0,502.0,1337.0,167.0,127.0,560.0,181.0,0.0,311.0,167.0,147.0,17.0,733.0,-77.0,670.0,-297.0,753.0,25.0,-320.0,5.0,603.0,-144.0,176.0,-86.0,545.0,3879.0,730.0,-34.0,239.0,407.0,439.0,75.0,112.0,725.0,153.0,-2.0,75.0,3064.0,-57.0,141.0,14.0,8.0,187.0,-141.0,153.0,12937.0,935.0,-28.0,20.0,-762.0,892.0,127.0,184.0,-115.0,265.0,470.0,649.0,-14.0,465.0,121.0,245.0,-2.0,834.0,57.0,-11.0,176.0,1374.0,-401.0,996.0,124.0,349.0,11.0,5245.0,690.0,1010.0,748.0,-135.0,410.0,670.0,8.0,459.0,60.0,271.0,127.0,-167.0,-213.0,46.0,323.0,46.0,-121.0,291.0,132.0,-83.0,-51.0,-28.0,23.0,1504.0,101.0,271.0,170.0,-83.0,245.0,51.0,288.0,323.0,436.0,303.0,-37.0,436.0,1042.0,517.0,144.0,849.0,121.0,1484.0,89.0,378.0,-467.0,883.0,6782.0,-28.0,69.0,447.0,583.0,164.0,193.0,-83.0,-46.0,83.0,25.0,1695.0,147.0,219.0,1045.0,176.0,300.0,1039.0,216.0,285.0,525.0,736.0,-5.0,1502.0,196.0,202.0,121.0,170.0,57.0,-69.0,34.0,57.0,-63.0,245.0,158.0,1577.0,179.0,6776.0,609.0,231.0,2697.0,2928.0
261.0,247.0,2426.0,342.0,1497.0,295.0,-93.0,363.0,-30.0,1725.0,-86.0,325.0,12.0,660.0,54.0,24.0,287.0,554.0,23.0,170.0,478.0,146.0,188.0,-178.0,206.0,-99.0,-124.0,-330.0,26.0,243.0,-14.0,-53.0,-30.0,150.0,205.0,337.0,63.0,510.0,-213.0,248.0,190.0,480.0,124.0,317.0,-121.0,170.0,436.0,1836.0,33.0,1230.0,689.0,1978.0,12.0,127.0,487.0,667.0,14.0,407.0,290.0,178.0,-67.0,2587.0,75.0,1027.0,405.0,906.0,-72.0,-71.0,493.0,576.0,0.0,42.0,-40.0,990.0,6748.0,1518.0,-142.0,260.0,491.0,284.0,81.0,175.0,1081.0,395.0,4.0,-151.0,1246.0,86.0,492.0,-344.0,13.0,-1710.0,-579.0,533.0,15198.0,1117.0,-424.0,50.0,-408.0,1075.0,111.0,236.0,445.0,248.0,339.0,1088.0,10.0,1190.0,114.0,466.0,51.0,688.0,120.0,166.0,20.0,4222.0,-209.0,1197.0,108.0,566.0,225.0,13382.0,563.0,4139.0,934.0,42.0,325.0,275.0,-84.0,689.0,160.0,531.0,293.0,884.0,559.0,146.0,472.0,83.0,-83.0,1323.0,386.0,-113.0,915.0,9.0,44.0,1314.0,1120.0,718.0,287.0,-257.0,63.0,-164.0,119.0,213.0,420.0,5684.0,-69.0,790.0,1039.0,1093.0,524.0,1373.0,80.0,1490.0,-407.0,1035.0,-390.0,938.0,8723.0,102.0,324.0,260.0,1057.0,303.0,422.0,-53.0,-156.0,121.0,1025.0,2144.0,554.0,66.0,1014.0,189.0,133.0,1483.0,356.0,329.0,544.0,1057.0,28.0,2375.0,262.0,117.0,48.0,290.0,411.0,-116.0,33.0,378.0,14.0,203.0,487.0,2092.0,387.0,9274.0,414.0,472.0,4007.0,7343.0
331.0,183.0,1450.0,630.0,799.0,165.0,76.0,91.0,11.0,2622.0,-88.0,370.0,-38.0,124.0,-2.0,-2.0,145.0,352.0,-74.0,500.0,891.0,352.0,74.0,82.0,26.0,139.0,-198.0,577.0,-17.0,402.0,88.0,88.0,-76.0,-198.0,-580.0,639.0,352.0,222.0,-133.0,121.0,230.0,899.0,145.0,150.0,213.0,216.0,-5.0,2720.0,-76.0,896.0,787.0,1657.0,-11.0,94.0,645.0,636.0,71.0,482.0,364.0,68.0,50.0,1184.0,-133.0,799.0,-328.0,663.0,1050.0,-103.0,-334.0,719.0,171.0,263.0,76.0,666.0,2415.0,1731.0,11.0,156.0,518.0,612.0,-118.0,47.0,967.0,349.0,-47.0,-44.0,6465.0,11.0,926.0,-130.0,106.0,153.0,-153.0,198.0,6793.0,822.0,-79.0,-68.0,660.0,1628.0,-76.0,94.0,367.0,464.0,213.0,414.0,91.0,737.0,115.0,189.0,-100.0,1734.0,-2.0,74.0,509.0,2125.0,79.0,710.0,-29.0,426.0,130.0,11612.0,760.0,1639.0,748.0,657.0,559.0,642.0,88.0,615.0,68.0,381.0,201.0,1258.0,-50.0,112.0,47.0,50.0,5.0,236.0,429.0,251.0,760.0,5.0,115.0,988.0,885.0,568.0,59.0,-38.0,142.0,248.0,136.0,461.0,364.0,3596.0,-8.0,497.0,1329.0,518.0,281.0,432.0,29.0,734.0,-38.0,417.0,-150.0,914.0,3940.0,-94.0,370.0,-2.0,1432.0,307.0,387.0,68.0,174.0,32.0,287.0,2436.0,796.0,148.0,461.0,426.0,139.0,1127.0,216.0,671.0,115.0,811.0,-103.0,3046.0,219.0,449.0,165.0,-5.0,272.0,-109.0,124.0,-17.0,124.0,156.0,485.0,1305.0,568.0,5727.0,94.0,1645.0,2856.0,4345.0
450.0,-166.0,566.0,306.0,457.0,-3.0,-35.0,-271.0,-20.0,609.0,-26.0,-13.0,-1.0,142.0,-63.0,-157.0,-471.0,558.0,84.0,370.0,357.0,-142.0,314.0,56.0,-24.0,-37.0,-186.0,386.0,-9.0,289.0,242.0,-48.0,13.0,119.0,151.0,1147.0,353.0,177.0,-190.0,-52.0,-7.0,362.0,140.0,97.0,-295.0,67.0,123.0,1588.0,-14.0,530.0,601.0,611.0,78.0,59.0,360.0,558.0,-50.0,171.0,216.0,256.0,175.0,717.0,-119.0,985.0,-100.0,398.0,9.0,-293.0,-446.0,613.0,-186.0,-125.0,-136.0,450.0,4353.0,269.0,9.0,151.0,61.0,465.0,78.0,-121.0,618.0,29.0,177.0,14.0,216.0,-125.0,-248.0,46.0,209.0,-130.0,-57.0,-76.0,5781.0,665.0,-173.0,207.0,508.0,558.0,-271.0,482.0,366.0,-177.0,360.0,-91.0,-643.0,310.0,-72.0,-112.0,-117.0,153.0,-91.0,110.0,56.0,1087.0,-315.0,213.0,-138.0,-48.0,46.0,6620.0,921.0,80.0,450.0,-1063.0,242.0,41.0,-136.0,143.0,181.0,69.0,127.0,-177.0,280.0,29.0,-9.0,71.0,-28.0,446.0,82.0,-336.0,1411.0,-117.0,69.0,521.0,646.0,547.0,213.0,-54.0,-175.0,-5.0,-299.0,119.0,433.0,607.0,26.0,175.0,91.0,166.0,222.0,528.0,160.0,285.0,149.0,65.0,140.0,471.0,2300.0,-265.0,200.0,-48.0,1018.0,85.0,463.0,-242.0,543.0,138.0,366.0,2405.0,512.0,-44.0,158.0,424.0,237.0,882.0,261.0,18.0,272.0,603.0,-13.0,760.0,244.0,112.0,297.0,-80.0,-18.0,-78.0,-9.0,-91.0,-9.0,-71.0,181.0,749.0,110.0,3751.0,11.0,971.0,2373.0,928.0
233.0,120.0,182.0,241.0,733.0,97.0,-13.0,26.0,-22.0,222.0,-48.0,44.0,28.0,205.0,43.0,-3.0,-8.0,205.0,10.0,279.0,214.0,27.0,41.0,79.0,70.0,1.0,-50.0,211.0,7.0,477.0,30.0,89.0,18.0,45.0,102.0,380.0,84.0,468.0,82.0,49.0,-123.0,237.0,2.0,119.0,321.0,114.0,-99.0,418.0,60.0,274.0,316.0,374.0,-25.0,22.0,221.0,415.0,44.0,122.0,171.0,26.0,-4.0,866.0,-18.0,269.0,158.0,256.0,210.0,36.0,-93.0,380.0,4.0,51.0,-20.0,208.0,2789.0,648.0,18.0,146.0,67.0,144.0,-32.0,-46.0,380.0,68.0,-40.0,-34.0,974.0,69.0,212.0,-46.0,-8.0,28.0,-98.0,-6.0,6688.0,260.0,175.0,202.0,323.0,560.0,37.0,124.0,210.0,-54.0,202.0,215.0,-4.0,203.0,68.0,219.0,-3.0,188.0,-30.0,13.0,181.0,924.0,12.0,237.0,11.0,350.0,94.0,8238.0,433.0,160.0,502.0,105.0,178.0,237.0,6.0,145.0,96.0,223.0,120.0,-65.0,374.0,120.0,47.0,11.0,37.0,815.0,180.0,588.0,523.0,13.0,100.0,577.0,462.0,199.0,222.0,8.0,24.0,86.0,53.0,355.0,11.0,532.0,22.0,174.0,438.0,383.0,92.0,487.0,67.0,254.0,12.0,302.0,-87.0,443.0,626.0,-62.0,200.0,849.0,793.0,107.0,147.0,-46.0,327.0,22.0,150.0,956.0,354.0,142.0,512.0,309.0,138.0,567.0,92.0,202.0,100.0,155.0,43.0,1555.0,211.0,562.0,56.0,39.0,149.0,-32.0,46.0,36.0,18.0,115.0,116.0,393.0,117.0,1278.0,63.0,165.0,1492.0,3059.0
787.0,430.0,639.0,501.0,1359.0,89.0,25.0,196.0,10.0,3311.0,-42.0,380.0,13.0,255.0,104.0,67.0,-52.0,556.0,27.0,297.0,553.0,174.0,159.0,49.0,201.0,60.0,64.0,870.0,57.0,1086.0,106.0,250.0,-42.0,245.0,76.0,814.0,313.0,452.0,18.0,113.0,121.0,465.0,323.0,37.0,81.0,137.0,25.0,3162.0,-1.0,607.0,533.0,1401.0,49.0,167.0,643.0,377.0,96.0,402.0,318.0,49.0,1494.0,956.0,93.0,665.0,-35.0,350.0,619.0,-6.0,28.0,501.0,3.0,277.0,10.0,103.0,2251.0,1564.0,-25.0,209.0,267.0,614.0,44.0,-42.0,788.0,179.0,15.0,23.0,1295.0,-13.0,777.0,252.0,187.0,35.0,-462.0,196.0,6286.0,624.0,82.0,509.0,519.0,1508.0,147.0,281.0,629.0,-218.0,270.0,521.0,137.0,572.0,118.0,409.0,-54.0,140.0,82.0,69.0,387.0,6113.0,-143.0,915.0,11.0,497.0,82.0,17822.0,841.0,528.0,729.0,-62.0,269.0,357.0,35.0,181.0,101.0,225.0,220.0,3599.0,245.0,10.0,304.0,50.0,-6.0,6192.0,726.0,860.0,951.0,0.0,133.0,1262.0,924.0,380.0,160.0,0.0,235.0,32.0,154.0,528.0,120.0,206.0,77.0,319.0,1159.0,237.0,147.0,997.0,140.0,748.0,3.0,423.0,-84.0,682.0,6455.0,-126.0,521.0,441.0,1037.0,159.0,645.0,74.0,345.0,27.0,172.0,1733.0,553.0,30.0,1168.0,766.0,340.0,853.0,313.0,150.0,296.0,556.0,-38.0,1852.0,363.0,264.0,128.0,18.0,592.0,-5.0,-15.0,74.0,76.0,319.0,2808.0,494.0,497.0,4792.0,238.0,826.0,1982.0,3788.0
1391.0,1175.0,2374.0,1399.0,926.0,106.0,237.0,590.0,156.0,3289.0,55.0,526.0,109.0,674.0,128.0,-50.0,-5.0,473.0,333.0,313.0,1609.0,937.0,148.0,559.0,394.0,324.0,44.0,1466.0,285.0,557.0,509.0,282.0,179.0,-33.0,310.0,1674.0,515.0,593.0,165.0,422.0,473.0,870.0,646.0,411.0,450.0,596.0,624.0,988.0,190.0,1030.0,862.0,3174.0,97.0,229.0,1380.0,1013.0,369.0,1441.0,809.0,313.0,1559.0,1654.0,58.0,1542.0,207.0,954.0,915.0,-156.0,400.0,1581.0,837.0,134.0,106.0,2256.0,2262.0,1682.0,198.0,705.0,484.0,1139.0,363.0,173.0,2127.0,411.0,638.0,-11.0,23144.0,58.0,1556.0,607.0,352.0,235.0,131.0,251.0,9157.0,1399.0,148.0,473.0,1083.0,2192.0,137.0,1002.0,1209.0,453.0,509.0,907.0,235.0,1192.0,352.0,772.0,-159.0,3292.0,75.0,64.0,400.0,5103.0,139.0,2077.0,64.0,1097.0,307.0,15512.0,1374.0,5546.0,1173.0,198.0,800.0,456.0,330.0,599.0,251.0,111.0,478.0,711.0,1732.0,25.0,403.0,27.0,517.0,3045.0,344.0,551.0,1304.0,95.0,680.0,2178.0,1374.0,1637.0,268.0,285.0,257.0,593.0,218.0,713.0,478.0,1290.0,100.0,1209.0,937.0,559.0,856.0,862.0,184.0,2928.0,120.0,929.0,-526.0,1299.0,7211.0,19.0,621.0,534.0,1704.0,274.0,1486.0,305.0,-271.0,165.0,851.0,4658.0,663.0,478.0,898.0,702.0,907.0,3031.0,837.0,895.0,811.0,2474.0,176.0,5288.0,352.0,8.0,319.0,165.0,881.0,30.0,-92.0,106.0,33.0,193.0,414.0,1688.0,260.0,7934.0,646.0,2614.0,4123.0,5176.0
377.0,831.0,2115.0,522.0,1096.0,205.0,-53.0,396.0,7.0,484.0,55.0,233.0,60.0,588.0,130.0,84.0,-55.0,468.0,46.0,469.0,581.0,176.0,140.0,52.0,203.0,109.0,-13.0,1038.0,39.0,315.0,273.0,348.0,-194.0,236.0,203.0,405.0,359.0,495.0,48.0,232.0,173.0,718.0,127.0,206.0,208.0,156.0,372.0,2492.0,127.0,889.0,542.0,868.0,97.0,100.0,608.0,670.0,103.0,307.0,377.0,154.0,420.0,2110.0,63.0,915.0,158.0,639.0,692.0,43.0,-94.0,842.0,-158.0,200.0,-17.0,1648.0,7510.0,1148.0,104.0,292.0,452.0,378.0,8.0,83.0,1182.0,344.0,102.0,-14.0,622.0,125.0,656.0,-210.0,114.0,605.0,-235.0,189.0,15483.0,494.0,-13.0,217.0,635.0,870.0,57.0,271.0,646.0,225.0,391.0,1190.0,265.0,473.0,92.0,311.0,77.0,446.0,158.0,14.0,155.0,2399.0,-80.0,742.0,40.0,304.0,252.0,13639.0,793.0,1235.0,1017.0,222.0,511.0,250.0,65.0,315.0,215.0,541.0,144.0,-209.0,781.0,150.0,436.0,86.0,8.0,4500.0,319.0,56.0,547.0,15.0,214.0,1431.0,1040.0,618.0,205.0,80.0,227.0,77.0,89.0,279.0,321.0,1220.0,42.0,402.0,348.0,1008.0,258.0,1451.0,277.0,1380.0,278.0,1046.0,105.0,945.0,1632.0,165.0,497.0,818.0,764.0,566.0,251.0,-1.0,221.0,104.0,411.0,2626.0,392.0,59.0,705.0,375.0,145.0,1191.0,209.0,578.0,528.0,566.0,56.0,2547.0,403.0,284.0,41.0,166.0,244.0,31.0,89.0,202.0,83.0,234.0,234.0,2514.0,136.0,9434.0,189.0,496.0,1830.0,7511.0
286.0,286.0,2348.0,843.0,679.0,107.0,163.0,29.0,-22.0,4316.0,49.0,637.0,43.0,593.0,48.0,1.0,219.0,369.0,49.0,455.0,698.0,180.0,184.0,28.0,117.0,17.0,24.0,405.0,70.0,146.0,79.0,56.0,-39.0,219.0,161.0,790.0,-14.0,799.0,-65.0,181.0,234.0,488.0,232.0,140.0,140.0,136.0,180.0,3924.0,113.0,579.0,659.0,1204.0,190.0,173.0,669.0,393.0,4.0,133.0,171.0,218.0,-244.0,1202.0,194.0,703.0,207.0,458.0,627.0,386.0,153.0,339.0,68.0,-18.0,43.0,589.0,6767.0,488.0,11.0,239.0,-73.0,239.0,-7.0,167.0,929.0,193.0,65.0,-56.0,4475.0,-82.0,1135.0,-39.0,-25.0,-55.0,-131.0,320.0,8876.0,617.0,204.0,255.0,746.0,843.0,-15.0,672.0,370.0,576.0,411.0,346.0,204.0,581.0,105.0,483.0,45.0,1275.0,72.0,197.0,166.0,820.0,-231.0,3349.0,80.0,313.0,75.0,8319.0,350.0,827.0,760.0,313.0,1168.0,486.0,-14.0,275.0,347.0,468.0,275.0,424.0,874.0,163.0,397.0,581.0,109.0,150.0,417.0,136.0,1623.0,38.0,26.0,811.0,721.0,384.0,231.0,90.0,12.0,156.0,-8.0,28.0,916.0,6963.0,171.0,471.0,1380.0,546.0,150.0,817.0,281.0,925.0,-201.0,363.0,210.0,986.0,4151.0,-11.0,161.0,238.0,801.0,601.0,425.0,-167.0,2739.0,191.0,340.0,1243.0,197.0,313.0,789.0,298.0,217.0,852.0,306.0,671.0,298.0,1094.0,-29.0,1209.0,193.0,156.0,107.0,-32.0,570.0,18.0,147.0,498.0,174.0,174.0,150.0,752.0,408.0,7275.0,-2.0,116.0,2608.0,2466.0
830.0,118.0,1054.0,424.0,1116.0,130.0,-114.0,212.0,59.0,1723.0,-37.0,242.0,55.0,318.0,62.0,9.0,58.0,388.0,87.0,97.0,415.0,259.0,154.0,125.0,93.0,79.0,98.0,226.0,26.0,451.0,49.0,67.0,17.0,30.0,191.0,455.0,111.0,302.0,101.0,330.0,65.0,568.0,175.0,71.0,170.0,93.0,166.0,3734.0,-17.0,614.0,389.0,1630.0,-7.0,67.0,255.0,839.0,102.0,147.0,467.0,47.0,825.0,1139.0,34.0,858.0,26.0,594.0,706.0,-19.0,0.0,527.0,-22.0,588.0,30.0,339.0,2607.0,1748.0,-19.0,-22.0,129.0,376.0,46.0,129.0,589.0,165.0,149.0,-42.0,1256.0,49.0,330.0,-5.0,69.0,3.0,-200.0,165.0,11823.0,833.0,276.0,3214.0,413.0,702.0,215.0,199.0,169.0,163.0,185.0,479.0,51.0,460.0,50.0,33.0,-33.0,307.0,3.0,-5.0,114.0,3704.0,74.0,496.0,51.0,407.0,133.0,18362.0,263.0,199.0,589.0,-14.0,143.0,334.0,29.0,220.0,22.0,276.0,151.0,2576.0,620.0,47.0,134.0,-15.0,35.0,2599.0,336.0,186.0,641.0,34.0,55.0,954.0,500.0,306.0,145.0,-66.0,37.0,157.0,153.0,151.0,222.0,408.0,-22.0,272.0,1092.0,624.0,163.0,913.0,-69.0,528.0,78.0,387.0,-142.0,938.0,4476.0,3.0,199.0,323.0,578.0,170.0,158.0,91.0,304.0,125.0,162.0,1151.0,278.0,30.0,835.0,310.0,189.0,626.0,208.0,250.0,199.0,618.0,17.0,1056.0,169.0,846.0,150.0,58.0,553.0,-50.0,-27.0,163.0,-46.0,106.0,2455.0,264.0,351.0,1937.0,118.0,1673.0,2003.0,5144.0
540.0,203.0,614.0,540.0,775.0,31.0,62.0,86.0,50.0,2289.0,-7.0,191.0,93.0,532.0,254.0,46.0,93.0,391.0,86.0,673.0,313.0,125.0,90.0,82.0,39.0,148.0,-7.0,504.0,109.0,970.0,176.0,93.0,15.0,227.0,125.0,634.0,156.0,430.0,133.0,39.0,11.0,904.0,191.0,160.0,140.0,238.0,-7.0,4039.0,-39.0,418.0,544.0,125.0,23.0,125.0,270.0,943.0,78.0,227.0,230.0,125.0,-277.0,399.0,-97.0,414.0,446.0,164.0,113.0,-7.0,-152.0,360.0,215.0,58.0,31.0,164.0,7319.0,328.0,35.0,242.0,121.0,-74.0,-43.0,15.0,176.0,93.0,46.0,15.0,1651.0,43.0,82.0,-219.0,7.0,191.0,-90.0,219.0,8846.0,485.0,-125.0,219.0,328.0,520.0,39.0,156.0,11.0,113.0,113.0,176.0,78.0,309.0,74.0,19.0,-46.0,9007.0,117.0,187.0,262.0,1585.0,-164.0,293.0,82.0,324.0,70.0,8048.0,829.0,2908.0,1002.0,86.0,274.0,-274.0,35.0,199.0,82.0,277.0,58.0,266.0,383.0,50.0,31.0,144.0,35.0,411.0,62.0,125.0,849.0,35.0,101.0,395.0,563.0,567.0,152.0,11.0,121.0,277.0,176.0,129.0,598.0,11171.0,27.0,164.0,1205.0,657.0,-15.0,489.0,105.0,297.0,-31.0,305.0,-62.0,285.0,2826.0,-39.0,195.0,387.0,594.0,407.0,215.0,74.0,892.0,113.0,215.0,810.0,277.0,246.0,430.0,164.0,97.0,947.0,35.0,164.0,74.0,211.0,90.0,360.0,223.0,234.0,105.0,39.0,129.0,-11.0,50.0,7.0,160.0,168.0,344.0,759.0,211.0,3562.0,35.0,289.0,6290.0,2098.0
590.0,867.0,4418.0,625.0,908.0,237.0,5.0,22.0,31.0,5095.0,-11.0,237.0,48.0,515.0,-56.0,-7.0,138.0,458.0,39.0,412.0,605.0,189.0,63.0,162.0,157.0,147.0,13.0,380.0,121.0,312.0,191.0,333.0,74.0,67.0,170.0,404.0,161.0,708.0,69.0,236.0,61.0,910.0,7.0,166.0,241.0,282.0,185.0,721.0,76.0,741.0,655.0,1436.0,7.0,123.0,601.0,818.0,265.0,318.0,468.0,89.0,518.0,1607.0,1.0,503.0,247.0,749.0,215.0,114.0,164.0,573.0,155.0,71.0,71.0,1403.0,2418.0,863.0,14.0,211.0,144.0,502.0,35.0,58.0,989.0,166.0,-16.0,-26.0,20831.0,54.0,554.0,7.0,18.0,147.0,-239.0,207.0,13786.0,685.0,239.0,28.0,636.0,887.0,177.0,249.0,275.0,256.0,621.0,693.0,-1.0,605.0,176.0,365.0,69.0,2375.0,112.0,61.0,202.0,1899.0,132.0,620.0,-1.0,209.0,112.0,27757.0,730.0,9032.0,391.0,389.0,376.0,402.0,127.0,438.0,127.0,451.0,307.0,2498.0,550.0,123.0,309.0,74.0,37.0,1684.0,286.0,5.0,964.0,18.0,213.0,771.0,1241.0,241.0,164.0,-20.0,84.0,95.0,121.0,309.0,357.0,814.0,-18.0,393.0,378.0,966.0,294.0,852.0,204.0,1026.0,43.0,659.0,-73.0,492.0,8738.0,37.0,73.0,251.0,1032.0,434.0,374.0,-28.0,123.0,99.0,472.0,2172.0,412.0,99.0,651.0,524.0,198.0,1101.0,333.0,78.0,756.0,4493.0,119.0,2882.0,121.0,453.0,95.0,125.0,228.0,-31.0,159.0,110.0,48.0,204.0,-22.0,2905.0,177.0,4490.0,262.0,1112.0,3231.0,4012.0
329.0,231.0,1697.0,432.0,839.0,308.0,-8.0,139.0,92.0,4165.0,-12.0,269.0,40.0,-10.0,66.0,122.0,98.0,512.0,83.0,610.0,329.0,265.0,21.0,293.0,81.0,113.0,119.0,554.0,139.0,323.0,171.0,102.0,132.0,59.0,156.0,490.0,55.0,201.0,47.0,126.0,122.0,833.0,-23.0,126.0,47.0,227.0,0.0,6248.0,-21.0,610.0,413.0,895.0,8.0,203.0,377.0,889.0,40.0,205.0,218.0,66.0,-4.0,1082.0,-89.0,544.0,250.0,563.0,107.0,-85.0,-218.0,402.0,449.0,293.0,-68.0,627.0,6440.0,767.0,23.0,62.0,310.0,257.0,-98.0,66.0,462.0,8.0,156.0,-23.0,409.0,-34.0,479.0,216.0,49.0,169.0,74.0,87.0,10597.0,1099.0,-44.0,51.0,486.0,617.0,27.0,107.0,479.0,134.0,299.0,323.0,70.0,387.0,214.0,342.0,-74.0,3124.0,2.0,10.0,282.0,1643.0,42.0,653.0,-40.0,250.0,-32.0,27270.0,966.0,1639.0,265.0,302.0,137.0,306.0,29.0,197.0,34.0,156.0,34.0,737.0,246.0,-66.0,462.0,-8.0,-109.0,377.0,115.0,40.0,865.0,-36.0,17.0,724.0,537.0,284.0,169.0,66.0,192.0,164.0,17.0,437.0,289.0,1712.0,-68.0,66.0,74.0,670.0,248.0,625.0,38.0,351.0,100.0,218.0,-94.0,338.0,6745.0,4.0,237.0,407.0,989.0,456.0,308.0,38.0,-102.0,57.0,175.0,1583.0,171.0,280.0,362.0,351.0,190.0,524.0,212.0,454.0,27.0,201.0,-19.0,1981.0,722.0,411.0,160.0,128.0,94.0,4.0,197.0,68.0,10.0,-42.0,83.0,1407.0,162.0,3743.0,306.0,882.0,2571.0,2461.0
516.0,106.0,1068.0,443.0,1301.0,208.0,9.0,-284.0,-14.0,1204.0,141.0,188.0,-39.0,309.0,130.0,68.0,54.0,606.0,41.0,394.0,362.0,224.0,157.0,181.0,72.0,88.0,16.0,199.0,115.0,425.0,3.0,144.0,14.0,246.0,143.0,507.0,132.0,351.0,108.0,184.0,184.0,568.0,148.0,117.0,23.0,137.0,103.0,5168.0,41.0,467.0,423.0,1419.0,38.0,-21.0,-126.0,610.0,50.0,262.0,295.0,101.0,65.0,765.0,38.0,365.0,-88.0,385.0,389.0,-121.0,72.0,210.0,-39.0,217.0,70.0,148.0,3574.0,814.0,47.0,74.0,190.0,164.0,157.0,133.0,345.0,72.0,306.0,50.0,1144.0,202.0,382.0,18.0,23.0,-81.0,57.0,152.0,4210.0,660.0,-38.0,1865.0,427.0,583.0,32.0,344.0,271.0,-103.0,235.0,159.0,-57.0,119.0,95.0,385.0,43.0,92.0,50.0,148.0,211.0,1986.0,-19.0,874.0,65.0,264.0,-27.0,14151.0,869.0,651.0,526.0,-206.0,246.0,267.0,-16.0,27.0,139.0,204.0,105.0,3013.0,816.0,94.0,12.0,12.0,-12.0,943.0,257.0,293.0,1233.0,54.0,103.0,641.0,441.0,237.0,57.0,94.0,161.0,130.0,63.0,519.0,92.0,68.0,76.0,284.0,1028.0,398.0,144.0,242.0,43.0,391.0,126.0,313.0,193.0,584.0,2571.0,-112.0,76.0,447.0,633.0,81.0,266.0,141.0,43.0,-12.0,210.0,974.0,581.0,229.0,418.0,204.0,57.0,581.0,177.0,371.0,152.0,52.0,-86.0,586.0,179.0,870.0,153.0,63.0,38.0,18.0,155.0,7.0,19.0,146.0,456.0,798.0,179.0,1365.0,105.0,869.0,1526.0,1901.0
799.0,720.0,889.0,523.0,830.0,282.0,58.0,-214.0,58.0,957.0,97.0,514.0,2.0,1020.0,336.0,76.0,268.0,665.0,9.0,571.0,1013.0,322.0,390.0,207.0,282.0,304.0,-155.0,1072.0,117.0,112.0,347.0,74.0,268.0,647.0,358.0,1758.0,611.0,1144.0,-151.0,237.0,291.0,1092.0,228.0,367.0,300.0,282.0,119.0,1295.0,309.0,932.0,1194.0,1386.0,180.0,103.0,754.0,1379.0,9.0,1027.0,246.0,415.0,882.0,2070.0,99.0,1029.0,54.0,805.0,334.0,-90.0,79.0,916.0,237.0,92.0,4.0,2284.0,589.0,1271.0,453.0,636.0,598.0,629.0,645.0,160.0,1171.0,377.0,24.0,-85.0,3634.0,153.0,1284.0,316.0,451.0,9.0,408.0,234.0,14220.0,596.0,-9.0,133.0,575.0,1819.0,243.0,379.0,485.0,501.0,381.0,526.0,-92.0,722.0,295.0,67.0,103.0,1081.0,-137.0,311.0,191.0,2756.0,92.0,1144.0,-54.0,632.0,121.0,17665.0,1293.0,6878.0,291.0,2.0,501.0,577.0,200.0,302.0,121.0,693.0,270.0,-92.0,1133.0,121.0,460.0,133.0,200.0,467.0,381.0,63.0,2189.0,-45.0,329.0,1180.0,1417.0,501.0,237.0,-112.0,370.0,-38.0,15.0,851.0,419.0,923.0,54.0,494.0,214.0,605.0,523.0,796.0,79.0,1311.0,-38.0,729.0,302.0,514.0,12604.0,-101.0,316.0,763.0,1248.0,370.0,1049.0,-24.0,36.0,279.0,514.0,3079.0,945.0,334.0,805.0,519.0,336.0,1598.0,476.0,399.0,259.0,571.0,149.0,3205.0,270.0,108.0,252.0,307.0,-205.0,97.0,65.0,146.0,128.0,90.0,-408.0,1675.0,284.0,3977.0,90.0,1812.0,5896.0,4251.0
464.0,191.0,4272.0,833.0,1022.0,149.0,-110.0,261.0,-11.0,11443.0,13.0,-3.0,106.0,945.0,68.0,74.0,82.0,431.0,78.0,352.0,510.0,116.0,240.0,139.0,232.0,293.0,31.0,571.0,-9.0,313.0,108.0,116.0,47.0,137.0,307.0,1242.0,342.0,941.0,175.0,256.0,240.0,2302.0,-64.0,352.0,90.0,287.0,254.0,746.0,84.0,831.0,561.0,1055.0,120.0,752.0,600.0,321.0,61.0,57.0,397.0,263.0,70.0,2280.0,-63.0,443.0,484.0,837.0,179.0,258.0,-29.0,1075.0,9.0,141.0,-82.0,1745.0,496.0,2282.0,-3.0,228.0,502.0,831.0,128.0,236.0,1016.0,427.0,90.0,51.0,3549.0,230.0,189.0,-17.0,-49.0,604.0,-49.0,409.0,23566.0,876.0,208.0,1544.0,961.0,1102.0,258.0,269.0,3.0,204.0,819.0,1424.0,100.0,809.0,-51.0,449.0,43.0,2322.0,92.0,78.0,299.0,1006.0,-151.0,1016.0,92.0,326.0,171.0,32667.0,821.0,2286.0,835.0,147.0,974.0,673.0,82.0,514.0,317.0,510.0,202.0,3574.0,750.0,157.0,417.0,372.0,59.0,431.0,354.0,-23.0,945.0,110.0,112.0,1648.0,1.0,525.0,411.0,-5.0,102.0,128.0,449.0,464.0,494.0,4599.0,-35.0,955.0,2625.0,1483.0,744.0,1538.0,120.0,1384.0,90.0,1288.0,224.0,1160.0,11691.0,1.0,256.0,409.0,744.0,415.0,323.0,-155.0,606.0,131.0,561.0,1680.0,561.0,66.0,1479.0,553.0,328.0,1622.0,336.0,417.0,742.0,3216.0,55.0,2395.0,291.0,1469.0,88.0,147.0,129.0,84.0,311.0,618.0,161.0,675.0,391.0,2552.0,305.0,24149.0,447.0,512.0,5140.0,4502.0
252.0,536.0,3108.0,1222.0,962.0,231.0,-158.0,153.0,-28.0,8881.0,28.0,463.0,100.0,614.0,26.0,20.0,132.0,356.0,1.0,335.0,595.0,313.0,119.0,-22.0,105.0,56.0,-78.0,236.0,93.0,495.0,275.0,170.0,78.0,-224.0,258.0,323.0,112.0,842.0,-7.0,178.0,241.0,692.0,411.0,265.0,322.0,-22.0,344.0,13425.0,219.0,1170.0,920.0,2467.0,128.0,223.0,1154.0,585.0,57.0,557.0,327.0,212.0,187.0,1878.0,63.0,1292.0,425.0,652.0,409.0,-85.0,179.0,556.0,642.0,51.0,-43.0,1388.0,10040.0,1137.0,4.0,312.0,385.0,603.0,214.0,5.0,1315.0,246.0,140.0,-23.0,11972.0,3.0,1567.0,-33.0,38.0,376.0,-153.0,241.0,14489.0,984.0,247.0,168.0,844.0,1025.0,368.0,211.0,367.0,499.0,583.0,772.0,48.0,950.0,114.0,16.0,12.0,1830.0,116.0,108.0,248.0,962.0,-49.0,1080.0,33.0,468.0,86.0,10645.0,644.0,3124.0,884.0,198.0,430.0,904.0,-102.0,419.0,239.0,442.0,176.0,438.0,156.0,134.0,433.0,165.0,-178.0,459.0,409.0,19.0,584.0,91.0,171.0,2280.0,1287.0,628.0,493.0,-51.0,45.0,109.0,174.0,357.0,1572.0,3868.0,67.0,788.0,5496.0,615.0,298.0,1948.0,229.0,1883.0,-42.0,673.0,-277.0,1039.0,6589.0,185.0,254.0,373.0,1131.0,808.0,498.0,-8.0,6068.0,98.0,738.0,2500.0,568.0,164.0,1122.0,259.0,617.0,1246.0,239.0,216.0,350.0,2628.0,19.0,2048.0,318.0,542.0,91.0,229.0,499.0,7.0,114.0,369.0,120.0,321.0,435.0,1525.0,462.0,9919.0,228.0,511.0,3662.0,4628.0
680.0,463.0,3575.0,1072.0,1468.0,297.0,126.0,185.0,-20.0,7704.0,-71.0,181.0,88.0,561.0,9.0,56.0,43.0,723.0,24.0,169.0,445.0,1.0,65.0,107.0,184.0,129.0,-62.0,337.0,66.0,539.0,168.0,390.0,98.0,-132.0,222.0,745.0,944.0,558.0,-10.0,92.0,124.0,563.0,49.0,182.0,166.0,110.0,258.0,5181.0,100.0,664.0,1401.0,2800.0,85.0,45.0,232.0,210.0,71.0,165.0,193.0,121.0,93.0,2719.0,20.0,972.0,114.0,1276.0,244.0,82.0,245.0,547.0,-118.0,136.0,14.0,391.0,11479.0,1340.0,-3.0,191.0,216.0,400.0,124.0,20.0,1076.0,376.0,37.0,-9.0,6616.0,111.0,579.0,-39.0,49.0,1543.0,-15.0,117.0,12159.0,958.0,-203.0,974.0,861.0,1306.0,80.0,149.0,705.0,602.0,332.0,969.0,11.0,877.0,124.0,1050.0,-33.0,4364.0,175.0,50.0,255.0,2636.0,23.0,588.0,36.0,899.0,267.0,9884.0,677.0,3734.0,2482.0,518.0,472.0,899.0,77.0,1590.0,75.0,352.0,211.0,4337.0,565.0,153.0,447.0,120.0,37.0,820.0,256.0,601.0,531.0,40.0,218.0,1127.0,1009.0,692.0,193.0,35.0,336.0,808.0,118.0,320.0,320.0,8243.0,43.0,610.0,2281.0,1888.0,529.0,1920.0,27.0,1524.0,72.0,843.0,-352.0,1598.0,10440.0,155.0,306.0,1137.0,957.0,508.0,289.0,-5.0,5533.0,74.0,1717.0,1724.0,228.0,132.0,1967.0,282.0,248.0,1325.0,156.0,749.0,563.0,2336.0,79.0,2982.0,529.0,620.0,173.0,124.0,1179.0,-33.0,58.0,181.0,597.0,1017.0,2881.0,1237.0,309.0,7766.0,70.0,306.0,3888.0,7175.0
1452.0,381.0,2664.0,898.0,1608.0,223.0,-1.0,159.0,-31.0,6607.0,2.0,340.0,37.0,679.0,-9.0,89.0,147.0,411.0,-70.0,485.0,486.0,336.0,263.0,143.0,199.0,62.0,-34.0,420.0,65.0,855.0,153.0,551.0,-32.0,-12.0,203.0,574.0,251.0,817.0,-2.0,372.0,228.0,1363.0,413.0,190.0,433.0,121.0,418.0,6334.0,86.0,1086.0,914.0,1960.0,79.0,64.0,1515.0,1405.0,36.0,774.0,349.0,258.0,935.0,3159.0,36.0,1658.0,458.0,986.0,1658.0,-45.0,479.0,818.0,-85.0,805.0,-24.0,1084.0,10722.0,3180.0,34.0,284.0,471.0,511.0,333.0,227.0,1656.0,672.0,57.0,-57.0,2461.0,-61.0,1015.0,-205.0,30.0,17.0,-334.0,349.0,16032.0,1354.0,-291.0,1839.0,127.0,1507.0,348.0,191.0,1335.0,675.0,493.0,1281.0,-73.0,532.0,193.0,183.0,-36.0,358.0,161.0,41.0,103.0,4447.0,-297.0,1765.0,79.0,1303.0,417.0,15315.0,757.0,396.0,1676.0,193.0,714.0,748.0,-75.0,605.0,117.0,440.0,405.0,1051.0,409.0,117.0,436.0,210.0,-62.0,3993.0,802.0,557.0,365.0,148.0,147.0,2987.0,1539.0,604.0,424.0,-62.0,0.0,691.0,303.0,540.0,440.0,1445.0,-14.0,685.0,3199.0,1457.0,270.0,2023.0,216.0,1714.0,-52.0,721.0,-268.0,1802.0,6266.0,87.0,989.0,611.0,1142.0,112.0,714.0,-78.0,637.0,142.0,552.0,3507.0,545.0,178.0,2193.0,836.0,219.0,1473.0,289.0,1762.0,1531.0,1239.0,99.0,2916.0,430.0,622.0,148.0,187.0,1543.0,-42.0,176.0,304.0,164.0,698.0,2938.0,2109.0,651.0,4898.0,550.0,1331.0,3665.0,7858.0
164.0,473.0,3794.0,538.0,1222.0,177.0,149.0,1.0,0.0,13637.0,-14.0,270.0,47.0,115.0,44.0,30.0,66.0,343.0,26.0,256.0,537.0,120.0,107.0,8.0,94.0,89.0,0.0,646.0,67.0,328.0,53.0,291.0,26.0,91.0,145.0,714.0,26.0,362.0,-28.0,75.0,106.0,725.0,323.0,160.0,166.0,88.0,144.0,5093.0,51.0,1165.0,623.0,4838.0,7.0,150.0,472.0,536.0,48.0,343.0,240.0,103.0,-57.0,1760.0,0.0,569.0,112.0,395.0,353.0,81.0,101.0,456.0,389.0,164.0,12.0,1145.0,8822.0,1074.0,102.0,100.0,95.0,738.0,14.0,-9.0,800.0,240.0,97.0,-31.0,14637.0,-25.0,880.0,207.0,140.0,145.0,101.0,238.0,10981.0,953.0,-5.0,2392.0,579.0,1328.0,156.0,109.0,211.0,298.0,392.0,358.0,-10.0,621.0,122.0,140.0,-38.0,3815.0,37.0,12.0,200.0,2306.0,-49.0,792.0,19.0,1278.0,152.0,8244.0,456.0,2069.0,954.0,316.0,503.0,404.0,0.0,543.0,50.0,14.0,163.0,1742.0,691.0,48.0,262.0,153.0,-8.0,83.0,151.0,83.0,486.0,-23.0,105.0,1045.0,697.0,445.0,177.0,11.0,89.0,400.0,111.0,563.0,500.0,8660.0,27.0,234.0,5456.0,449.0,187.0,1329.0,83.0,975.0,56.0,510.0,-59.0,1014.0,8818.0,-24.0,84.0,522.0,1061.0,206.0,189.0,17.0,3737.0,48.0,1497.0,1743.0,285.0,75.0,552.0,165.0,562.0,673.0,230.0,268.0,402.0,3196.0,21.0,1789.0,89.0,470.0,53.0,41.0,330.0,23.0,6.0,92.0,114.0,228.0,1373.0,1299.0,122.0,6375.0,127.0,443.0,1222.0,7591.0
732.0,341.0,1887.0,520.0,1291.0,144.0,269.0,444.0,15.0,4719.0,110.0,341.0,117.0,573.0,-34.0,-110.0,125.0,653.0,220.0,1123.0,356.0,508.0,110.0,11.0,15.0,167.0,30.0,732.0,170.0,360.0,292.0,375.0,292.0,250.0,49.0,1685.0,425.0,372.0,292.0,170.0,239.0,592.0,288.0,37.0,311.0,193.0,455.0,3664.0,-53.0,573.0,1647.0,922.0,117.0,56.0,129.0,512.0,330.0,774.0,550.0,170.0,-91.0,1382.0,11.0,930.0,167.0,1040.0,167.0,-94.0,53.0,858.0,603.0,227.0,288.0,1215.0,10427.0,296.0,413.0,262.0,497.0,998.0,34.0,-113.0,1044.0,265.0,387.0,41.0,10567.0,284.0,998.0,68.0,102.0,136.0,318.0,140.0,11919.0,1530.0,72.0,296.0,-1272.0,375.0,-360.0,683.0,121.0,607.0,136.0,292.0,56.0,542.0,167.0,-391.0,15.0,880.0,106.0,167.0,311.0,983.0,182.0,911.0,53.0,706.0,205.0,15595.0,744.0,1423.0,656.0,45.0,599.0,918.0,-3.0,896.0,224.0,391.0,243.0,2027.0,87.0,288.0,205.0,68.0,-106.0,850.0,330.0,-34.0,1708.0,-56.0,231.0,991.0,748.0,1549.0,250.0,-79.0,-34.0,83.0,144.0,349.0,402.0,17721.0,68.0,687.0,1268.0,140.0,596.0,1010.0,387.0,960.0,129.0,254.0,-254.0,334.0,5646.0,18.0,216.0,432.0,994.0,280.0,497.0,-94.0,1742.0,64.0,364.0,1283.0,508.0,330.0,539.0,182.0,258.0,892.0,337.0,315.0,455.0,37.0,-18.0,2118.0,163.0,489.0,341.0,205.0,182.0,-53.0,136.0,41.0,-18.0,489.0,1048.0,1310.0,-197.0,8353.0,649.0,387.0,2688.0,2449.0
941.0,280.0,3235.0,-138.0,498.0,211.0,-69.0,336.0,6.0,6359.0,56.0,340.0,-69.0,1165.0,42.0,168.0,141.0,950.0,-122.0,33.0,785.0,-3.0,257.0,389.0,138.0,141.0,-23.0,343.0,250.0,165.0,376.0,617.0,204.0,-478.0,402.0,1522.0,359.0,587.0,-310.0,42.0,75.0,505.0,458.0,237.0,-201.0,59.0,541.0,3169.0,148.0,604.0,736.0,1178.0,89.0,366.0,762.0,581.0,-29.0,346.0,300.0,161.0,26.0,1687.0,-112.0,1172.0,389.0,716.0,274.0,-69.0,168.0,934.0,2727.0,326.0,72.0,-931.0,11999.0,723.0,158.0,366.0,171.0,369.0,72.0,46.0,855.0,264.0,132.0,132.0,4936.0,-23.0,198.0,39.0,-16.0,330.0,237.0,257.0,19464.0,1182.0,-56.0,736.0,217.0,690.0,138.0,373.0,171.0,419.0,217.0,118.0,75.0,861.0,165.0,125.0,56.0,5956.0,56.0,178.0,528.0,1469.0,247.0,280.0,161.0,515.0,135.0,33692.0,637.0,1743.0,1393.0,270.0,488.0,485.0,241.0,462.0,79.0,274.0,224.0,1743.0,478.0,363.0,204.0,161.0,363.0,412.0,49.0,-26.0,350.0,75.0,125.0,941.0,752.0,624.0,270.0,-161.0,300.0,168.0,241.0,-39.0,624.0,14459.0,89.0,561.0,1393.0,1403.0,402.0,950.0,102.0,950.0,112.0,739.0,-135.0,244.0,9397.0,82.0,171.0,406.0,1858.0,369.0,633.0,122.0,1380.0,46.0,647.0,1532.0,227.0,700.0,290.0,204.0,234.0,1380.0,402.0,515.0,231.0,597.0,141.0,2496.0,231.0,211.0,211.0,66.0,373.0,19.0,6.0,59.0,221.0,333.0,713.0,1700.0,475.0,13676.0,584.0,247.0,1915.0,4817.0
1132.0,582.0,5409.0,190.0,931.0,328.0,666.0,285.0,-21.0,1005.0,10.0,963.0,105.0,497.0,444.0,-21.0,296.0,1947.0,63.0,1535.0,899.0,804.0,328.0,264.0,243.0,211.0,-74.0,-21.0,-21.0,1037.0,-74.0,751.0,-95.0,698.0,412.0,899.0,349.0,412.0,338.0,10.0,412.0,857.0,391.0,254.0,571.0,444.0,1513.0,412.0,222.0,582.0,582.0,772.0,52.0,307.0,1079.0,2223.0,391.0,1185.0,804.0,402.0,-328.0,1524.0,74.0,1535.0,1365.0,963.0,508.0,169.0,243.0,1757.0,815.0,550.0,179.0,2921.0,592.0,910.0,95.0,603.0,328.0,582.0,434.0,370.0,1979.0,338.0,698.0,243.0,5462.0,74.0,709.0,709.0,582.0,42.0,42.0,232.0,22401.0,1725.0,-95.0,307.0,370.0,984.0,127.0,1122.0,772.0,1333.0,645.0,910.0,243.0,1482.0,275.0,539.0,-74.0,2392.0,243.0,84.0,74.0,5049.0,391.0,1619.0,52.0,349.0,529.0,13137.0,1736.0,1206.0,963.0,730.0,328.0,1397.0,402.0,222.0,232.0,709.0,518.0,-222.0,1280.0,412.0,709.0,42.0,751.0,645.0,391.0,317.0,2043.0,-63.0,1132.0,2350.0,1831.0,2360.0,127.0,137.0,127.0,-116.0,285.0,921.0,952.0,931.0,-42.0,1418.0,381.0,2254.0,434.0,1450.0,434.0,1947.0,391.0,942.0,0.0,666.0,6701.0,179.0,455.0,1058.0,1069.0,169.0,1217.0,275.0,328.0,158.0,486.0,3504.0,793.0,1026.0,741.0,148.0,381.0,1863.0,31.0,1344.0,550.0,963.0,275.0,3779.0,328.0,624.0,508.0,370.0,84.0,-179.0,95.0,31.0,190.0,-42.0,264.0,1397.0,730.0,9898.0,762.0,2911.0,5356.0,5790.0
791.0,842.0,1884.0,1201.0,1395.0,120.0,-130.0,349.0,44.0,584.0,-57.0,317.0,25.0,1013.0,28.0,0.0,187.0,947.0,114.0,905.0,657.0,546.0,689.0,38.0,349.0,209.0,270.0,835.0,158.0,483.0,438.0,311.0,54.0,181.0,219.0,931.0,85.0,581.0,47.0,394.0,235.0,460.0,489.0,317.0,184.0,346.0,241.0,359.0,152.0,1296.0,1013.0,2139.0,152.0,321.0,909.0,629.0,-15.0,600.0,476.0,174.0,1401.0,1249.0,165.0,1636.0,152.0,635.0,893.0,-47.0,-34.0,1401.0,-111.0,359.0,-92.0,1519.0,286.0,2104.0,279.0,282.0,410.0,858.0,66.0,60.0,1458.0,397.0,149.0,-152.0,568.0,162.0,785.0,321.0,394.0,63.0,-171.0,559.0,12872.0,642.0,-108.0,362.0,1013.0,2046.0,155.0,533.0,622.0,1611.0,711.0,991.0,568.0,642.0,146.0,1258.0,-73.0,85.0,127.0,12.0,336.0,3849.0,-22.0,1474.0,190.0,816.0,403.0,8670.0,1071.0,759.0,174.0,-232.0,635.0,1153.0,216.0,727.0,289.0,959.0,222.0,1293.0,-314.0,200.0,362.0,73.0,212.0,441.0,794.0,260.0,1636.0,88.0,505.0,2116.0,1735.0,562.0,305.0,219.0,305.0,327.0,559.0,1611.0,944.0,966.0,-117.0,451.0,715.0,807.0,327.0,638.0,177.0,1945.0,98.0,82.0,-486.0,467.0,5575.0,22.0,222.0,410.0,1535.0,174.0,1608.0,209.0,88.0,410.0,177.0,3594.0,607.0,190.0,212.0,390.0,667.0,1808.0,270.0,1300.0,263.0,791.0,-3.0,3461.0,251.0,209.0,349.0,54.0,108.0,133.0,143.0,60.0,114.0,200.0,-362.0,1191.0,518.0,10059.0,476.0,766.0,4761.0,2469.0
459.0,291.0,607.0,221.0,845.0,196.0,-43.0,157.0,69.0,730.0,9.0,205.0,60.0,50.0,-32.0,-53.0,94.0,487.0,32.0,429.0,480.0,64.0,73.0,-92.0,129.0,184.0,-168.0,328.0,175.0,73.0,106.0,305.0,108.0,-129.0,36.0,256.0,-18.0,332.0,-53.0,85.0,-13.0,864.0,323.0,194.0,104.0,131.0,143.0,413.0,-23.0,351.0,483.0,610.0,60.0,-25.0,506.0,691.0,-13.0,251.0,140.0,131.0,929.0,973.0,99.0,399.0,177.0,420.0,92.0,32.0,69.0,626.0,603.0,-6.0,-32.0,305.0,2872.0,501.0,53.0,147.0,247.0,443.0,76.0,78.0,642.0,90.0,41.0,16.0,392.0,78.0,316.0,-50.0,108.0,217.0,-277.0,-71.0,13559.0,406.0,157.0,0.0,152.0,734.0,-73.0,140.0,489.0,374.0,312.0,314.0,-76.0,201.0,76.0,60.0,-4.0,104.0,-20.0,30.0,244.0,473.0,-251.0,547.0,131.0,180.0,191.0,4190.0,728.0,376.0,295.0,-92.0,265.0,217.0,43.0,309.0,43.0,99.0,69.0,-305.0,238.0,138.0,43.0,16.0,-50.0,328.0,117.0,-69.0,416.0,-30.0,136.0,811.0,432.0,436.0,99.0,-18.0,39.0,208.0,365.0,-39.0,323.0,635.0,32.0,173.0,57.0,339.0,247.0,321.0,80.0,725.0,48.0,383.0,-208.0,489.0,3935.0,71.0,69.0,277.0,427.0,293.0,254.0,-36.0,270.0,-55.0,226.0,561.0,80.0,194.0,351.0,180.0,265.0,841.0,177.0,85.0,305.0,171.0,80.0,1971.0,318.0,27.0,134.0,94.0,196.0,25.0,-41.0,196.0,30.0,80.0,-53.0,332.0,219.0,3337.0,152.0,630.0,2015.0,1987.0
